Workbook

Sheet Product
A1: Product ID | B1: Product | C1: Price | D1: Order Status | E1: Total Quantity Sold
A2: 101 | B2: Product A | C2: 120 | D2: =IFERROR(IF(VLOOKUP(A2,Orders!$B$2:$B$7,1,0),"Ordered"),"Not Ordered") -> Ordered | E2: =SUMIF(Orders!$B$2:$B$7,A2,Orders!$C$2:$C$7) -> 2
A3: 103 | B3: Product B | C3: 150 | D3: =IFERROR(IF(VLOOKUP(A3,Orders!$B$2:$B$7,1,0),"Ordered"),"Not Ordered") -> Ordered | E3: =SUMIF(Orders!$B$2:$B$7,A3,Orders!$C$2:$C$7) -> 1
A4: 105 | B4: Product C | C4: 200 | D4: =IFERROR(IF(VLOOKUP(A4,Orders!$B$2:$B$7,1,0),"Ordered"),"Not Ordered") -> Ordered | E4: =SUMIF(Orders!$B$2:$B$7,A4,Orders!$C$2:$C$7) -> 4
A5: 106 | B5: Product D | C5: 90 | D5: =IFERROR(IF(VLOOKUP(A5,Orders!$B$2:$B$7,1,0),"Ordered"),"Not Ordered") -> Ordered | E5: =SUMIF(Orders!$B$2:$B$7,A5,Orders!$C$2:$C$7) -> 3
A6: 102 | B6: Product E | C6: 220 | D6: =IFERROR(IF(VLOOKUP(A6,Orders!$B$2:$B$7,1,0),"Ordered"),"Not Ordered") -> Ordered | E6: =SUMIF(Orders!$B$2:$B$7,A6,Orders!$C$2:$C$7) -> 5
A7: 104 | B7: Product F | C7: 130 | D7: =IFERROR(IF(VLOOKUP(A7,Orders!$B$2:$B$7,1,0),"Ordered"),"Not Ordered") -> Ordered | E7: =SUMIF(Orders!$B$2:$B$7,A7,Orders!$C$2:$C$7) -> 6
G19: 1. Use VLOOKUP to find the product names for each ProductID in the Orders worksheet.
G20: 2. Use VLOOKUP to find the price for each ProductID in the Orders worksheet, then calculate the TotalPrice by multiplying the Quantity by the Product Price.
G21: 3. Use VLOOKUP to check if there are any ProductIDs in the Orders worksheet that do not exist in the Products worksheet.
G22: 4. Assume a discount of 10% is given on all products. Use VLOOKUP to find the original price and then calculate the discounted price.
G23: 5. Use VLOOKUP to find the price for each ProductID and then calculate the order value. Find the maximum order value from the list.
G24: 6. Use VLOOKUP to find out which products from the Products worksheet have not been ordered.
G25: 7. Use VLOOKUP to find the Product name and summarize the total quantity sold for each product.

Sheet Orders
A1: Orders ID | B1: Product ID | C1: Quantity | D1: Price | E1: Total Price | F1: Product Name | G1: Status | H1: Discounted Price | I1: Maximum Order Value
A2: 1 | B2: 101 | C2: 2 | D2: =VLOOKUP(B2,Product!A1:C7,3,0) -> 120 | E2: =C2*D2 -> 240 | F2: =VLOOKUP(B2,Product!A1:C7,2,0) -> Product A | G2: =IFERROR(IF(VLOOKUP(B2,Product!$A$1:$A$7,1,0),"Exists"),"Not Exist") -> Exists | H2: =VLOOKUP(B2,Product!$A$1:$C$7,3,0)*0.9 -> 108 | I2: =MAX(E2:E7) -> 1100
A3: 2 | B3: 103 | C3: 1 | D3: =VLOOKUP(B3,Product!A2:C8,3,0) -> 150 | E3: =C3*D3 -> 150 | F3: =VLOOKUP(B3,Product!A2:C8,2,0) -> Product B | G3: =IFERROR(IF(VLOOKUP(B3,Product!$A$1:$A$7,1,0),"Exists"),"Not Exist") -> Exists | H3: =VLOOKUP(B3,Product!$A$1:$C$7,3,0)*0.9 -> 135
A4: 3 | B4: 105 | C4: 4 | D4: =VLOOKUP(B4,Product!A3:C9,3,0) -> 200 | E4: =C4*D4 -> 800 | F4: =VLOOKUP(B4,Product!A3:C9,2,0) -> Product C | G4: =IFERROR(IF(VLOOKUP(B4,Product!$A$1:$A$7,1,0),"Exists"),"Not Exist") -> Exists | H4: =VLOOKUP(B4,Product!$A$1:$C$7,3,0)*0.9 -> 180
A5: 4 | B5: 106 | C5: 3 | D5: =VLOOKUP(B5,Product!A4:C10,3,0) -> 90 | E5: =C5*D5 -> 270 | F5: =VLOOKUP(B5,Product!A4:C10,2,0) -> Product D | G5: =IFERROR(IF(VLOOKUP(B5,Product!$A$1:$A$7,1,0),"Exists"),"Not Exist") -> Exists | H5: =VLOOKUP(B5,Product!$A$1:$C$7,3,0)*0.9 -> 81
A6: 5 | B6: 102 | C6: 5 | D6: =VLOOKUP(B6,Product!A5:C11,3,0) -> 220 | E6: =C6*D6 -> 1100 | F6: =VLOOKUP(B6,Product!A5:C11,2,0) -> Product E | G6: =IFERROR(IF(VLOOKUP(B6,Product!$A$1:$A$7,1,0),"Exists"),"Not Exist") -> Exists | H6: =VLOOKUP(B6,Product!$A$1:$C$7,3,0)*0.9 -> 198
A7: 6 | B7: 104 | C7: 6 | D7: =VLOOKUP(B7,Product!A6:C12,3,0) -> 130 | E7: =C7*D7 -> 780 | F7: =VLOOKUP(B7,Product!A6:C12,2,0) -> Product F | G7: =IFERROR(IF(VLOOKUP(B7,Product!$A$1:$A$7,1,0),"Exists"),"Not Exist") -> Exists | H7: =VLOOKUP(B7,Product!$A$1:$C$7,3,0)*0.9 -> 117
